{
    "Ar36": {
        "error": 0.001476176011656993, 
        "filter_outliers_dict": {
            "filter_outliers": true, 
            "iterations": 1, 
            "std_devs": 2
        }, 
        "fit": "Linear", 
        "value": 0.0350067606383883
    }, 
    "Ar37": {
        "error": 0.02591125431328702, 
        "filter_outliers_dict": {
            "filter_outliers": true, 
            "iterations": 1, 
            "std_devs": 2
        }, 
        "fit": "linear", 
        "value": 0.04375617096114963
    }, 
    "Ar38": {
        "error": 0.018685991299388423, 
        "filter_outliers_dict": {
            "filter_outliers": true, 
            "iterations": 1, 
            "std_devs": 2
        }, 
        "fit": "linear", 
        "value": 0.055588714889976076
    }, 
    "Ar39": {
        "error": 0.04614620732197471, 
        "filter_outliers_dict": {
            "filter_outliers": true, 
            "iterations": 1, 
            "std_devs": 2
        }, 
        "fit": "Linear", 
        "value": 0.6985314363116245
    }, 
    "Ar40": {
        "error": 0.06158496622699648, 
        "filter_outliers_dict": {
            "filter_outliers": true, 
            "iterations": 1, 
            "std_devs": 2
        }, 
        "fit": "Linear", 
        "value": 183.37987376426335
    }, 
    "Ar41": {
        "error": 0.010180464695335019, 
        "filter_outliers_dict": {
            "filter_outliers": true, 
            "iterations": 1, 
            "std_devs": 2
        }, 
        "fit": "Average", 
        "value": -0.004231756671678541
    }
}