{
    "Ar36": {
        "error": 0.000474325666563917, 
        "filter_outliers_dict": {
            "filter_outliers": true, 
            "iterations": 1, 
            "std_devs": 2
        }, 
        "fit": "Linear", 
        "value": 0.007225583656160026
    }, 
    "Ar37": {
        "error": 0.01828240080664287, 
        "filter_outliers_dict": {
            "filter_outliers": true, 
            "iterations": 1, 
            "std_devs": 2
        }, 
        "fit": "linear", 
        "value": 0.04126484052915764
    }, 
    "Ar38": {
        "error": 0.009869593599284491, 
        "filter_outliers_dict": {
            "filter_outliers": true, 
            "iterations": 1, 
            "std_devs": 2
        }, 
        "fit": "linear", 
        "value": 0.07466955974066226
    }, 
    "Ar39": {
        "error": 0.028400036810978007, 
        "filter_outliers_dict": {
            "filter_outliers": true, 
            "iterations": 1, 
            "std_devs": 2
        }, 
        "fit": "Linear", 
        "value": 2.9984846732802755
    }, 
    "Ar40": {
        "error": 0.12732813209076116, 
        "filter_outliers_dict": {
            "filter_outliers": true, 
            "iterations": 1, 
            "std_devs": 2
        }, 
        "fit": "Linear", 
        "value": 1021.3180559927157
    }, 
    "Ar41": {
        "error": 0.01223768409308427, 
        "filter_outliers_dict": {
            "filter_outliers": true, 
            "iterations": 1, 
            "std_devs": 2
        }, 
        "fit": "Average", 
        "value": -0.004758498433050796
    }
}