{
    "Ar36": {
        "error": 0.00042749490322163084, 
        "filter_outliers_dict": {
            "filter_outliers": true, 
            "iterations": 1, 
            "std_devs": 2
        }, 
        "fit": "Linear", 
        "value": 0.00610983997745995
    }, 
    "Ar37": {
        "error": 0.023543171362850224, 
        "filter_outliers_dict": {
            "filter_outliers": true, 
            "iterations": 1, 
            "std_devs": 2
        }, 
        "fit": "linear", 
        "value": 0.05249028891466522
    }, 
    "Ar38": {
        "error": 0.009293673994440872, 
        "filter_outliers_dict": {
            "filter_outliers": true, 
            "iterations": 1, 
            "std_devs": 2
        }, 
        "fit": "linear", 
        "value": 0.07779166217346078
    }, 
    "Ar39": {
        "error": 0.025699858209471554, 
        "filter_outliers_dict": {
            "filter_outliers": true, 
            "iterations": 1, 
            "std_devs": 2
        }, 
        "fit": "Linear", 
        "value": 4.421179910197397
    }, 
    "Ar40": {
        "error": 0.12328169174166458, 
        "filter_outliers_dict": {
            "filter_outliers": true, 
            "iterations": 1, 
            "std_devs": 2
        }, 
        "fit": "Linear", 
        "value": 1538.073634002409
    }, 
    "Ar41": {
        "error": 0.007576901542073412, 
        "filter_outliers_dict": {
            "filter_outliers": true, 
            "iterations": 1, 
            "std_devs": 2
        }, 
        "fit": "Average", 
        "value": 0.0032548671812867485
    }
}