{
    "Ar36": {
        "error": 0.0030034367530185646, 
        "filter_outliers_dict": {
            "filter_outliers": true, 
            "iterations": 1, 
            "std_devs": 2
        }, 
        "fit": "Linear", 
        "value": 0.03282914678792677
    }, 
    "Ar37": {
        "error": 0.05378092365301399, 
        "filter_outliers_dict": {
            "filter_outliers": true, 
            "iterations": 1, 
            "std_devs": 2
        }, 
        "fit": "linear", 
        "value": 0.17736521212098222
    }, 
    "Ar38": {
        "error": 0.022077058164490404, 
        "filter_outliers_dict": {
            "filter_outliers": true, 
            "iterations": 1, 
            "std_devs": 2
        }, 
        "fit": "linear", 
        "value": 0.49033772151677874
    }, 
    "Ar39": {
        "error": 0.08378729257013695, 
        "filter_outliers_dict": {
            "filter_outliers": true, 
            "iterations": 1, 
            "std_devs": 2
        }, 
        "fit": "Linear", 
        "value": 16.221146016902896
    }, 
    "Ar40": {
        "error": 0.8822344344075661, 
        "filter_outliers_dict": {
            "filter_outliers": true, 
            "iterations": 1, 
            "std_devs": 2
        }, 
        "fit": "Linear", 
        "value": 3700.7750141501656
    }, 
    "Ar41": {
        "error": 0.02167379573060543, 
        "filter_outliers_dict": {
            "filter_outliers": true, 
            "iterations": 1, 
            "std_devs": 2
        }, 
        "fit": "Average", 
        "value": 0.19223065056073235
    }
}