{
    "Ar36": {
        "error": 0.0008450535120362306, 
        "filter_outliers_dict": {
            "filter_outliers": true, 
            "iterations": 1, 
            "std_devs": 2
        }, 
        "fit": "Linear", 
        "value": 0.013896282743004947
    }, 
    "Ar37": {
        "error": 0.024812871291302486, 
        "filter_outliers_dict": {
            "filter_outliers": true, 
            "iterations": 1, 
            "std_devs": 2
        }, 
        "fit": "linear", 
        "value": 0.16639859921514139
    }, 
    "Ar38": {
        "error": 0.015463529856358665, 
        "filter_outliers_dict": {
            "filter_outliers": true, 
            "iterations": 1, 
            "std_devs": 2
        }, 
        "fit": "linear", 
        "value": 0.03183424431574722
    }, 
    "Ar39": {
        "error": 0.04223798988714838, 
        "filter_outliers_dict": {
            "filter_outliers": true, 
            "iterations": 1, 
            "std_devs": 2
        }, 
        "fit": "Linear", 
        "value": 0.7838820434751266
    }, 
    "Ar40": {
        "error": 0.03252186203262653, 
        "filter_outliers_dict": {
            "filter_outliers": true, 
            "iterations": 1, 
            "std_devs": 2
        }, 
        "fit": "Linear", 
        "value": 43.861425163142606
    }, 
    "Ar41": {
        "error": 0.012177557646781965, 
        "filter_outliers_dict": {
            "filter_outliers": true, 
            "iterations": 1, 
            "std_devs": 2
        }, 
        "fit": "Average", 
        "value": -0.021358666835157556
    }
}