{
    "Ar36": {
        "error": 0.0034200488200993385, 
        "filter_outliers_dict": {
            "filter_outliers": true, 
            "iterations": 1, 
            "std_devs": 2
        }, 
        "fit": "Linear", 
        "value": 0.02668612360802099
    }, 
    "Ar37": {
        "error": 0.08425800524847464, 
        "filter_outliers_dict": {
            "filter_outliers": true, 
            "iterations": 1, 
            "std_devs": 2
        }, 
        "fit": "linear", 
        "value": 0.15207933464636908
    }, 
    "Ar38": {
        "error": 0.02825660277773405, 
        "filter_outliers_dict": {
            "filter_outliers": true, 
            "iterations": 1, 
            "std_devs": 2
        }, 
        "fit": "linear", 
        "value": 0.18591148706457294
    }, 
    "Ar39": {
        "error": 0.09444824439625657, 
        "filter_outliers_dict": {
            "filter_outliers": true, 
            "iterations": 1, 
            "std_devs": 2
        }, 
        "fit": "Linear", 
        "value": 2.7066446312744628
    }, 
    "Ar40": {
        "error": 0.7268600980048895, 
        "filter_outliers_dict": {
            "filter_outliers": true, 
            "iterations": 1, 
            "std_devs": 2
        }, 
        "fit": "Linear", 
        "value": 3970.8994350650346
    }, 
    "Ar41": {
        "error": 0.02420101277713225, 
        "filter_outliers_dict": {
            "filter_outliers": true, 
            "iterations": 1, 
            "std_devs": 2
        }, 
        "fit": "Average", 
        "value": 0.2055000811508819
    }
}