{
    "Ar36": {
        "error": 0.0011193642414128145, 
        "filter_outliers_dict": {
            "filter_outliers": true, 
            "iterations": 1, 
            "std_devs": 2
        }, 
        "fit": "Linear", 
        "value": 0.020442227091545716
    }, 
    "Ar37": {
        "error": 0.027590242679413682, 
        "filter_outliers_dict": {
            "filter_outliers": true, 
            "iterations": 1, 
            "std_devs": 2
        }, 
        "fit": "linear", 
        "value": 0.06045476759033898
    }, 
    "Ar38": {
        "error": 0.015863867125429025, 
        "filter_outliers_dict": {
            "filter_outliers": true, 
            "iterations": 1, 
            "std_devs": 2
        }, 
        "fit": "linear", 
        "value": 0.030113915173248032
    }, 
    "Ar39": {
        "error": 0.036395992541301346, 
        "filter_outliers_dict": {
            "filter_outliers": true, 
            "iterations": 1, 
            "std_devs": 2
        }, 
        "fit": "Linear", 
        "value": 0.2830920159123528
    }, 
    "Ar40": {
        "error": 0.02527320892663036, 
        "filter_outliers_dict": {
            "filter_outliers": true, 
            "iterations": 1, 
            "std_devs": 2
        }, 
        "fit": "Linear", 
        "value": 5.515176920556254
    }, 
    "Ar41": {
        "error": 0.009405208909564701, 
        "filter_outliers_dict": {
            "filter_outliers": true, 
            "iterations": 1, 
            "std_devs": 2
        }, 
        "fit": "Average", 
        "value": -0.027755566669804208
    }
}