{
    "Ar36": {
        "error": 0.00409641641506371, 
        "filter_outliers_dict": {
            "filter_outliers": true, 
            "iterations": 1, 
            "std_devs": 2
        }, 
        "fit": "Linear", 
        "value": 0.061003547343805004
    }, 
    "Ar37": {
        "error": 0.05210986701417613, 
        "filter_outliers_dict": {
            "filter_outliers": true, 
            "iterations": 1, 
            "std_devs": 2
        }, 
        "fit": "linear", 
        "value": 0.18607498693070582
    }, 
    "Ar38": {
        "error": 0.03022216908927799, 
        "filter_outliers_dict": {
            "filter_outliers": true, 
            "iterations": 1, 
            "std_devs": 2
        }, 
        "fit": "linear", 
        "value": 0.5610374168901511
    }, 
    "Ar39": {
        "error": 0.12342725543065824, 
        "filter_outliers_dict": {
            "filter_outliers": true, 
            "iterations": 1, 
            "std_devs": 2
        }, 
        "fit": "Linear", 
        "value": 43.67950084105558
    }, 
    "Ar40": {
        "error": 0.5896896511009441, 
        "filter_outliers_dict": {
            "filter_outliers": true, 
            "iterations": 1, 
            "std_devs": 2
        }, 
        "fit": "Linear", 
        "value": 4738.26260852906
    }, 
    "Ar41": {
        "error": 0.02121806498557438, 
        "filter_outliers_dict": {
            "filter_outliers": true, 
            "iterations": 1, 
            "std_devs": 2
        }, 
        "fit": "Average", 
        "value": 0.21593075911179163
    }
}