{
    "Ar36": {
        "error": 0.0003291634773123427, 
        "filter_outliers_dict": {
            "filter_outliers": true, 
            "iterations": 1, 
            "std_devs": 2
        }, 
        "fit": "Parabolic", 
        "value": 0.01857134007638418
    }, 
    "Ar37": {
        "error": 0.005032889928418829, 
        "filter_outliers_dict": {
            "filter_outliers": true, 
            "iterations": 1, 
            "std_devs": 2
        }, 
        "fit": "linear", 
        "value": 0.14806426713951087
    }, 
    "Ar38": {
        "error": 0.002478212370313104, 
        "filter_outliers_dict": {
            "filter_outliers": true, 
            "iterations": 1, 
            "std_devs": 2
        }, 
        "fit": "linear", 
        "value": 0.8258424061005369
    }, 
    "Ar39": {
        "error": 0.016762629066897437, 
        "filter_outliers_dict": {
            "filter_outliers": true, 
            "iterations": 1, 
            "std_devs": 2
        }, 
        "fit": "Parabolic", 
        "value": 67.69021378305763
    }, 
    "Ar40": {
        "error": 0.022692767050444335, 
        "filter_outliers_dict": {
            "filter_outliers": true, 
            "iterations": 1, 
            "std_devs": 2
        }, 
        "fit": "Parabolic", 
        "value": 258.9423072599655
    }, 
    "Ar41": {
        "error": 0.004408792467269151, 
        "filter_outliers_dict": {
            "filter_outliers": true, 
            "iterations": 1, 
            "std_devs": 2
        }, 
        "fit": "linear", 
        "value": -0.04827549696557686
    }
}