{
    "Ar36": {
        "error": 0.0062597184689104175, 
        "filter_outliers_dict": {
            "filter_outliers": true, 
            "iterations": 1, 
            "std_devs": 2
        }, 
        "fit": "Linear", 
        "value": 0.20082010043889822
    }, 
    "Ar37": {
        "error": 0.05157968530648425, 
        "filter_outliers_dict": {
            "filter_outliers": true, 
            "iterations": 1, 
            "std_devs": 2
        }, 
        "fit": "linear", 
        "value": 0.06572622621793438
    }, 
    "Ar38": {
        "error": 0.08226178983870995, 
        "filter_outliers_dict": {
            "filter_outliers": true, 
            "iterations": 1, 
            "std_devs": 2
        }, 
        "fit": "linear", 
        "value": 1.3517343350264908
    }, 
    "Ar39": {
        "error": 0.2569082208777292, 
        "filter_outliers_dict": {
            "filter_outliers": true, 
            "iterations": 1, 
            "std_devs": 2
        }, 
        "fit": "Linear", 
        "value": 65.08742042080613
    }, 
    "Ar40": {
        "error": 0.7589877102683896, 
        "filter_outliers_dict": {
            "filter_outliers": true, 
            "iterations": 1, 
            "std_devs": 2
        }, 
        "fit": "Linear", 
        "value": 4894.200859554792
    }, 
    "Ar41": {
        "error": 0.05320002288149112, 
        "filter_outliers_dict": {
            "filter_outliers": true, 
            "iterations": 1, 
            "std_devs": 2
        }, 
        "fit": "Average", 
        "value": 0.26783478696229024
    }
}