{
    "Ar36": {
        "error": 0.0020588909170652647, 
        "filter_outliers_dict": {
            "filter_outliers": true, 
            "iterations": 1, 
            "std_devs": 2
        }, 
        "fit": "Linear", 
        "value": 0.05469395645910358
    }, 
    "Ar37": {
        "error": 0.03215278001028739, 
        "filter_outliers_dict": {
            "filter_outliers": true, 
            "iterations": 1, 
            "std_devs": 2
        }, 
        "fit": "linear", 
        "value": 0.11276833997614807
    }, 
    "Ar38": {
        "error": 0.022338333559348923, 
        "filter_outliers_dict": {
            "filter_outliers": true, 
            "iterations": 1, 
            "std_devs": 2
        }, 
        "fit": "linear", 
        "value": 0.3114967758072106
    }, 
    "Ar39": {
        "error": 0.05088657511696, 
        "filter_outliers_dict": {
            "filter_outliers": true, 
            "iterations": 1, 
            "std_devs": 2
        }, 
        "fit": "Linear", 
        "value": 17.58789956549289
    }, 
    "Ar40": {
        "error": 0.19998394501373795, 
        "filter_outliers_dict": {
            "filter_outliers": true, 
            "iterations": 1, 
            "std_devs": 2
        }, 
        "fit": "Linear", 
        "value": 1946.988585541416
    }, 
    "Ar41": {
        "error": 0.012899565737448977, 
        "filter_outliers_dict": {
            "filter_outliers": true, 
            "iterations": 1, 
            "std_devs": 2
        }, 
        "fit": "Average", 
        "value": 0.057991079909527364
    }
}