{
    "Ar36": {
        "error": 0.0014361168556931599, 
        "filter_outliers_dict": {
            "filter_outliers": true, 
            "iterations": 1, 
            "std_devs": 2
        }, 
        "fit": "Linear", 
        "value": 0.02286425665325193
    }, 
    "Ar37": {
        "error": 0.028022746336411008, 
        "filter_outliers_dict": {
            "filter_outliers": true, 
            "iterations": 1, 
            "std_devs": 2
        }, 
        "fit": "linear", 
        "value": 0.0899943381443266
    }, 
    "Ar38": {
        "error": 0.021598048027073914, 
        "filter_outliers_dict": {
            "filter_outliers": true, 
            "iterations": 1, 
            "std_devs": 2
        }, 
        "fit": "linear", 
        "value": 0.07951777763494322
    }, 
    "Ar39": {
        "error": 0.04845098734902849, 
        "filter_outliers_dict": {
            "filter_outliers": true, 
            "iterations": 1, 
            "std_devs": 2
        }, 
        "fit": "Linear", 
        "value": 0.5200623694793992
    }, 
    "Ar40": {
        "error": 0.1928609174686347, 
        "filter_outliers_dict": {
            "filter_outliers": true, 
            "iterations": 1, 
            "std_devs": 2
        }, 
        "fit": "Linear", 
        "value": 1399.4567655505107
    }, 
    "Ar41": {
        "error": 0.014576406043102797, 
        "filter_outliers_dict": {
            "filter_outliers": true, 
            "iterations": 1, 
            "std_devs": 2
        }, 
        "fit": "Average", 
        "value": 0.0724956482634816
    }
}