{
    "Ar36": {
        "error": 0.002226185749995647, 
        "filter_outliers_dict": {
            "filter_outliers": true, 
            "iterations": 1, 
            "std_devs": 2
        }, 
        "fit": "Linear", 
        "value": 0.041586563056162054
    }, 
    "Ar37": {
        "error": 0.042835188827212343, 
        "filter_outliers_dict": {
            "filter_outliers": true, 
            "iterations": 1, 
            "std_devs": 2
        }, 
        "fit": "linear", 
        "value": 0.07455417187550752
    }, 
    "Ar38": {
        "error": 0.034780861369989376, 
        "filter_outliers_dict": {
            "filter_outliers": true, 
            "iterations": 1, 
            "std_devs": 2
        }, 
        "fit": "linear", 
        "value": 0.27491297460685404
    }, 
    "Ar39": {
        "error": 0.10993528563113594, 
        "filter_outliers_dict": {
            "filter_outliers": true, 
            "iterations": 1, 
            "std_devs": 2
        }, 
        "fit": "Linear", 
        "value": 13.293036959578396
    }, 
    "Ar40": {
        "error": 0.8058904281561168, 
        "filter_outliers_dict": {
            "filter_outliers": true, 
            "iterations": 1, 
            "std_devs": 2
        }, 
        "fit": "Linear", 
        "value": 4410.286873249497
    }, 
    "Ar41": {
        "error": 0.023745480990009903, 
        "filter_outliers_dict": {
            "filter_outliers": true, 
            "iterations": 1, 
            "std_devs": 2
        }, 
        "fit": "Average", 
        "value": 0.18684634015452006
    }
}