{
    "AX": {
        "error": 0.005029154467708517, 
        "filter_outliers_dict": {
            "filter_outliers": true, 
            "iterations": 1, 
            "std_devs": 2
        }, 
        "fit": "average", 
        "value": 0.13107191004221153
    }, 
    "CDD": {
        "error": 4.827883803191814e-06, 
        "filter_outliers_dict": {
            "filter_outliers": true, 
            "iterations": 1, 
            "std_devs": 10
        }, 
        "fit": "average", 
        "value": 1.8543138137336075e-05
    }, 
    "H1": {
        "error": 0.0033674097062549933, 
        "filter_outliers_dict": {
            "filter_outliers": true, 
            "iterations": 1, 
            "std_devs": 2
        }, 
        "fit": "average", 
        "value": 0.08608380032335401
    }, 
    "H2": {
        "error": 0.00327349969081625, 
        "filter_outliers_dict": {
            "filter_outliers": true, 
            "iterations": 1, 
            "std_devs": 2
        }, 
        "fit": "average", 
        "value": -0.09048438379400456
    }, 
    "L1": {
        "error": 0.001704350167714285, 
        "filter_outliers_dict": {
            "filter_outliers": true, 
            "iterations": 1, 
            "std_devs": 2
        }, 
        "fit": "average", 
        "value": -0.038033563802892745
    }, 
    "L2": {
        "error": 0.004245343334437933, 
        "filter_outliers_dict": {
            "filter_outliers": true, 
            "iterations": 1, 
            "std_devs": 2
        }, 
        "fit": "average", 
        "value": -0.0012115569085873758
    }
}