{
    "Ar36": {
        "error": 0.0008420371549889585, 
        "filter_outliers_dict": {
            "filter_outliers": true, 
            "iterations": 1, 
            "std_devs": 2
        }, 
        "fit": "Parabolic", 
        "value": 0.1992410499412439
    }, 
    "Ar37": {
        "error": 0.004964571898374006, 
        "filter_outliers_dict": {
            "filter_outliers": true, 
            "iterations": 1, 
            "std_devs": 2
        }, 
        "fit": "linear", 
        "value": 0.05277898769384578
    }, 
    "Ar38": {
        "error": 0.0024956131527191275, 
        "filter_outliers_dict": {
            "filter_outliers": true, 
            "iterations": 1, 
            "std_devs": 2
        }, 
        "fit": "linear", 
        "value": 0.002041386818024718
    }, 
    "Ar39": {
        "error": 0.008597662047479084, 
        "filter_outliers_dict": {
            "filter_outliers": true, 
            "iterations": 1, 
            "std_devs": 2
        }, 
        "fit": "Parabolic", 
        "value": 0.1481887454887748
    }, 
    "Ar40": {
        "error": 0.012694284951620763, 
        "filter_outliers_dict": {
            "filter_outliers": true, 
            "iterations": 1, 
            "std_devs": 2
        }, 
        "fit": "Parabolic", 
        "value": 58.943696279554736
    }, 
    "Ar41": {
        "error": 0.003899229108632216, 
        "filter_outliers_dict": {
            "filter_outliers": true, 
            "iterations": 1, 
            "std_devs": 2
        }, 
        "fit": "linear", 
        "value": -0.07277179122600672
    }
}